{
  "mmd_scores": [
    0.0,
    0.0,
    0.0,
    0.0009651422500610351,
    0.0049440860748291016,
    0.0003534555435180664,
    0.00039250850677490233,
    0.001636672019958496,
    0.02888936996459961,
    0.18591393232345582,
    0.13613758087158204,
    0.015342020988464355
  ],
  "lora_layers": [
    4,
    7,
    8,
    9,
    10,
    11
  ],
  "frozen_layers": [
    0,
    1,
    2,
    3,
    5,
    6
  ],
  "threshold": 0.0013009071350097655,
  "n_layers": 12
}